Sequence,Baseline IoU,Model IoU,IoU gain,Baseline Dice,Model Dice,Dice gain
1,0.219,0.887,+0.668,0.355,0.940,+0.585
2,0.243,0.837,+0.594,0.386,0.907,+0.521
3,0.370,0.944,+0.574,0.521,0.971,+0.450
4,0.502,0.949,+0.448,0.666,0.974,+0.308
5,0.189,0.890,+0.701,0.306,0.938,+0.632
6,0.389,0.916,+0.528,0.550,0.955,+0.404
7,0.377,0.801,+0.424,0.527,0.866,+0.339
8,0.401,0.947,+0.546,0.566,0.973,+0.407
9 (held out),0.289,0.884,+0.595,0.432,0.937,+0.505
10 (held out),0.337,0.924,+0.587,0.489,0.960,+0.471
"Mean, all 10 (pooled)",0.325,0.900,+0.576,0.473,0.944,+0.472
"Mean, sequences 1-8",0.336,0.896,+0.560,0.485,0.940,+0.456
"Mean, held-out 9-10",0.313,0.904,+0.591,0.461,0.948,+0.488
