epoch,mean_loss
1,0.3839077141549852
2,0.161125940879186
3,0.10235554963350296
4,0.07768337484863069
5,0.06770228336254756
6,0.0637751101785236
7,0.05656622740957472
8,0.05487313644753562
9,0.05187413695785734
10,0.048554726872179245
11,0.046982572939660815
12,0.04502654595507516
13,0.04333876023689906
14,0.04231413973702325
15,0.04204511586162779
16,0.042663285533587135
17,0.040956224567360346
18,0.03956255406141281
19,0.03877923253509733
20,0.037969249784946445
21,0.0371306742893325
22,0.036765844623247786
23,0.03604426466756397
24,0.03544292857249578
25,0.03500830590724945
